0|A Unified Framework of Five Principles for AI in Society|.
1|AI Decolonial Manyfesto|.
2|Asimov’s three laws of Robotics|.
3|Intel Recommends Public Policy Principles for Artificial Intelligence|. Intel ?
5|Murphy and Wood’s three laws of Responsible Robotics|.
6|Six Principles of Artificial Intelligence|.
7|The #FreeAI Manifesto|.
8|The Partnership of the Future|.
9|Artificial intelligence in Healthcare|Academy of Medical Royal Colleges
11|Responsible AI and robotics. An ethical framework.|Accenture UK
12|Human rights in the age of Artificial Intelligence|Access Now
13|The Toronto Declaration: Protecting the right to equality and non-discrimination in machine learning systems|Access Now ; Amnesty International
14|Europe’s approach to artificial intelligence: how AI strategy is evolving|AccessNow
15|Human Rights Impact Assessments for AI: Analysis and Recommendations|AccessNow
16|Mapping Regulatory Proposals for AI in Europe|AccessNow
17|Regulating AI in Europe: four problems and four solutions|Ada Lovelace Institute
18|Ethics Canvas|Adapt Center
19|Algorithm Data Ethics Label|ADEL
20|Taking an ethical approach to artificial intelligence.|Adobe
21|Report on Artificial Intelligence and Human Society (Unofficial translation)|Advisory Board on Artificial Intelligence and Human Society (initiative of the Minister of State for Science and Technology Policy)
22|Artificial Intelligence at the service of the citizen|Agenzia per l'Italia Digitale (AGID)
23|AI Roadmap|AI Council (United Kingdom)
24|Trustworthy AI in Aotearoa|AI Forum
25|AI Now 2017 Report|AI Now Institute
26|AI Now 2018 Report|AI Now Institute
27|AI Now|AI Now 2023 report
28|AI Now 2019 Report|AI Now Institute
29|AI Now Report 2016. The Social and Economic Implications of Artificial Intelligence Technologies in the Near-Term|AI Now Institute
30|Artificial intelligence impact assessment|AI Recht
31|AI4Belgium: AI National Strategy|AI4Belgium Coalition
32|AI4People—An Ethical Framework for a Good AI Society: Opportunities, Risks, Principles, and Recommendations|AI4People; Atomium-EISMD
33|From Principles to Practice: An interdisciplinary framework to operationalise AI ethics|AIEI Group
34|Overview of National AI-Strategies|AISOMA
35|A toolkit for centering racial equity throughout data integration|AISP
36|Automating Society Report|AlgorithmWatch
37|Ethics and algorithmic processes for decision making and decision support|AlgorithmWatch
38|Taking Stock of Automated Decision-Making in the EU|AlgorithmWatch
39|AI and Human Rights|All Tech is Human
40|Artificial Intelligence Act: Analysis & Recommendations|ALLAI
43|Ethics of AI in Radiology: European and North American Multisociety Statement|American College of Radiology; European Society of Radiology; Radiology Society of North America; Society for Imaging Informatics in Medicine; European Society of Medical Imaging Informatics; Canadian Association of Radiologists; American Association of Physicists in Medicine
44|Policy Recommendations on Augmented Intelligence in Health Care H-480.940|American Medical Association (AMA)
45|Defining AMIA's artificial intelligence principles|American Medical Informatics Association (AMIA)
46|Safety First for Automated Driving – Proposed technical standards for the development of Automated Driving|Aptiv, Audi, BMW, Daimler and other automotive companies
47|Trust Manifesto|ArmAI
48|Guidelines on Automated individual decision-making and Profiling for the purposes of Regulation 2016/679|Article 29 Working Party
49|It’s Time to Do Something: Mitigating the Negative Impacts of Computing Through a Change to the Peer Review Process|Association for Computing Machinery - Future of Computing Machinery
50|Policy Statement on Mandatory Engineered Law Enforcement Access|Association for Computing Machinery - Future of Computing Machinery
51|Statement on Accessibility, Usability, and Digital Inclusiveness|Association for Computing Machinery - Future of Computing Machinery
52|Statement on Computing and Network Security|Association for Computing Machinery - Future of Computing Machinery
53|Statement on Internet of Things Privacy and Security|Association for Computing Machinery - Future of Computing Machinery
54|ACM Code of Ethics and Professional Conduct|Association for Computing Machinery (ACM)
55|Statement on Algorithmic Transparency and Accountability|Association for Computing Machinery (ACM)
56|Addressing Ethical Dilemmas in AI: Listening to Engineers|Association of Nordic Engineers, IEEE, the Data Ethics ThinkDoTank (DataEthics.eu), University of Copenhagen
57|Artificial Intelligence. Australia's Ethics Framework. A discussion paper|Australian Government - Department of Industry Innovation and Science
58|Human Rights and Technology|Australian Human Rights Commission
59|Special report: Artificial Intelligence - Your questions answered|Australian Strategic Policy Institute (ASPI), University of Adelaide, Australian Institute for Machine Learning
61|White Paper - Shaping the Future of Austria with Robotics and Artificial Intelligence|Austrian Council For Robotics And Artificial Intelligence
62|Governance of Artificial Intelligence in Finance|Autorité de contrôle prudentiel et de résolution (ACPR - France)
63|Axon committed to listening and learning so that we can fulfill our mission to protect life together|Axon
66|Algo.Rules|Bertelsmann Stiftung, iRights.lab
67|Ethical issues arising from the police use of live facial recognition technology|Biometrics and Forensics Ethics Group (BFEG)
68|Artificial Intelligence Economic importance, social challenges, human responsibility|Bitkom
69|Guidelines for Big Data Use - Leitlinien für Big Data Einsatz|Bitkom
70|Recommendations for the responsible use of AI and automated decisions - Empfehlungen für den verantwortlichen Einsatz von KI und automatisierten Entscheidungen|Bitkom
71|The AI Manifesto|BlackBerry
72|Brazilian Strategy for Digital Transformation|Brazil’s Ministry of Science, Technology, Innovations and Communications
73|Towards an AI Strategy in Mexico. Harnessing the AI Revolution|British Embassy Mexico City
74|Strengthening international cooperation on AI, Progress report|Brookings, Centre for European Policy Studies
76|Regulating AI to protect the consumer: 
 Position Paper on the AI Act|Bureau européen des Unions des Consommateurs (BEUC)
77|Social Principles of Human-Centric AI|Cabinet Office (Japan)
78|Statement on Artificial Intelligence|Canada, France
79|Exploratory study on the use of algoritms by government organisations|CBS (Statistics Netherlands)
80|Digital Decisions|Center for Democracy & Technology
81|Digital Decisions Tool|Center for Democracy & technology (CDT)
82|For technologists|Center for Humane Technology
83|Data Ethics Framework|Central Digital & Data Office
84|COVID-19 repository and public attitudes retrospective|Centre for Data Ethics and Innovation
85|Review into Bias in Algorithmic Decision-making|Centre for Data Ethics and Innovation
87|The Brussels Effect and Artificial Intelligence: How EU regulation will impact the global AI market|Centre for the Governance of AI (GovAI)
88|AI Governance: A Research Agenda|Centre for the Governance of AI, Future of Humanity Institute, University of Oxford
89|The Road to a Human-Centred Digital Society|Centre on AI Technology for Humanking (AiTH) at NUS Business School
90|Ethics in robotics research. CERNA Mission and Context|CERNA (Allistene)
91|Facial Recognition Technology and the Growing Power of Artificial Intelligence: 
 Report of the Standing Committee on Access to
 Information, Privacy and Ethics|Chambre des communes (Canada)
93|Joint Pledge on Artificial Intelligence Industry Self-Discipline|Chinese AI Industry Alliance (AIIA)
94|Building an AI World: Report on National and Regional AI Strategies|CIFAR
95|Pan-Canadian Artificial Intelligence Strategy|CIFAR
96|Toward a G20 Framework for Artificial Intelligence in the Workplace|CIGI Gentre for International Governance Innovation
97|Digital Ethics: A guide for professionals of the Digital Age|CIGREF/Syntec Numérique
98|Declaration of Cities Coalition for Digital Right|Cities Coalition for Digital Rights
100|Robotics Research Ethics - Ethique de la Recherche en Robotique|Commission de réflexion sur l’Éthique de la Recherche en sciences et technologies du Numérique d’Allistene (CERNA - France)
102|Comparing European and Canadian AI Regulation|Commission du droit de l'Ontario
103|AI Code of Ethics|Commission for the Implementation of the Code of Ethics in the Field of Artificial Intelligence
104|Opinion on artificial intelligence and fundamental rights|Commission nationale consultative des droits de l'Homme (CNCDH - France)
105|Caméras dites "Intellligentes" ou "augmentées" dans l'espace public - Position sur les conditions de déploiement|Commission nationale informatique et libertés (CNIL - France)
106|How can humans keep the upper hand? Report on the ethical matters raised by algorithms and artificial intelligence - Comment permettre à l’Homme de garder la main ? Rapport sur les enjeux éthiques des algorithmes et de l’intelligence artificielle|Commission nationale informatique et libertés (CNIL - France)
107|Self-assessment guide for artificial intelligence (AI) systems|Commission nationale informatique et libertés (CNIL - France)
108|Hambach Declaration on Artificial Intelligence – Seven data protection obligations - Hambacher Erklärung zur Künstlichen Intelligenz – Sieben datenschutzrechtliche Anforderungen|Conference of the Independent Federal and State Data Protection Supervisory Authorities - Datenschutzkonferenz (Germany)
110|Intelligence artificielle et action publique : Construire la confiance, servir la performance|Conseil d'Etat (France)
111|Rapport sur les Legaltechs du domaine de la jurimétrie et Charte sur la transparence et l’éthique de l’utilisation des données judiciaires|Conseil National des Barreaux (CNB)
112|Humains & Machines : quelles interactions au travail ?|Conseil National du Numérique (CNN - France)
113|AI Portugal 2030|Coordination Office of INCoDe.2030 Initiative, Portuguese Science and Technology Foundation (FCT), Portuguese Innovation Agency (ANI), Ciência Viva and the Portuguese Agency for Administrative Modernisation (AMA)
114|Guide on the use of Artificial Intelligence-based tools by lawyers
 and law firms in the EU|Council of Bars and Law Societies of Europe (CCBE), European Lawyers Fundation (ELF)
115|Artificial intelligence and the control of COVID-19|Council of Europe
116|Feasibility Study on a legal framework on AI design, development and application based on CoE standards|Council of Europe (CAHAI)
117|Progress report|Council of Europe (CAHAI)
118|Towards regulation of AI Systems|Council of Europe (CAHAI)
119|The impact of Artificial Intelligence on the Doctor-Patient Relationship|Council of Europe (CDBIO)
120|Technical study on online dispute resolution mechanisms|Council of Europe (CDCJ)
121|Concept note Artificial intelligence and criminal law responsibility in Council of Europe|Council of Europe (CDPC)
122|Final remarks of the thematic session on AI and criminal law, The case of automated vehicles|Council of Europe (CDPC)
123|Feasibility study on the establishment of a certification mechanism for artificial intelligence tools and services|Council of Europe (CEPEJ)
124|Recommendation, Unboxing artificial intelligence: 10 steps to protect human rights|Council of Europe (Commissioner for Human Rights)
125|Safeguarding human rights in the era of artificial intelligence|Council of Europe (Commissioner for Human Rights)
126|Declaration by the Committee of Ministers on the manipulative capabilities of algorithmic processes|Council of Europe (Committee of Ministers)
127|Declaration by the Committee of Ministers on the risks of computer-assisted or artificial-intelligence-enabled decision making in the field of the social safety net|Council of Europe (Committee of Ministers)
128|Guidelines of the Committee of Ministers of the Council of Europe on online dispute resolution mechanisms in civil and administrative court proceedings|Council of Europe (Committee of Ministers)
129|Guidelines of the Committee of Ministers of the Council of Europe on upholding equality and protecting against discrimination and hate during the Covid-19 pandemic and similar crises in the future|Council of Europe (Committee of Ministers)
130|Guidelines to respect, protect and fulfil the rights of the child in the digital environment|Council of Europe (Committee of Ministers)
131|Recommendation of the Committee of Ministers to member States on the roles and responsibilities of internet intermediaries|Council of Europe (Committee of Ministers)
132|Recommendation on Big Data for culture, literacy and democracy|Council of Europe (Committee of Ministers)
133|Recommendation on Human Rights Impacts of Algorithmic Systems|Council of Europe (Committee of Ministers)
134|Guidelines on Artificial Intelligence and Data Protection|Council of Europe (Consultative Committee of the Convention 108)
135|Guidelines on facial recognition|Council of Europe (Consultative Committee of the Convention 108)
136|Guidelines on the protection of individuals with regard to the processing of personal data in a world of Big Data|Council of Europe (Consultative Committee of the Convention 108)
137|Report on AI and Data Protection Challenges and Possible Remedies|Council of Europe (Consultative Committee of the Convention 108)
138|Joint Report on Digital Technologies and Elections|Council of Europe (DG1 and Venice Commission)
139|Report on Information Disorder Toward an interdisciplinary framework for research and policy making|Council of Europe (DG1)
140|Study on Discrimination, artificial intelligence, and algorithmic decision-making|Council of Europe (ECRI)
141|Artificial Intelligence and Education: A critical view through the lens of human rights, democracy and the rule of law|Council of Europe (Education Department)
142|Study on the impact of predictive technologies and AI on the audiovisual sector, including possible specific measures to put into place in order to ensure freedom of expression and cultural diversity|Council of Europe (Eurimages)
143|Artificil intelligence in the audiovisual sector|Council of Europe (European Audiovisual Observatory)
144|Study on the implications of advanced digital technologies (including AI systems) for the concept of responsibility within a human rights framework|Council of Europe (MSI-AUT)
145|Study on the Human Rights Dimensions of Automated Data Processing techniques|Council of Europe (MSI-NET)
146|Uncovered, The Discoverability of Public Interest Content Online|Council of Europe (MSI-REF)
158|Artificial Intelligence and its Impact on Young People|Council of Europe (Youth Department)
159|Declaration on Youth Participation in AI Governance|Council of Europe (Youth Department)
160|Conclusions of the Expert Seminar on E-relevance of Culture in the age of AI|Council of Europe and Croatian Presidency of the Committee of Ministers
161|Conclusions from the Conference “Governing the Game Changer"|Council of Europe and Finnish Presidency of the Committee of Ministers
162|European ethical Charter on the use of Artificial Intelligence in judicial systems and their environment|Council of Europe: European Commission for the efficiency of Justice (CEPEJ)
164|Discussion paper on Governance of the Artificial Intelligence Strategy for Europe|Council of the European Union
167|Thematic Reviews on 'Social Aspects of Digitalisation' (SPC) and 'Digitalisation and Robotisation of Work' (EMCO) - Endorsement of the joint key messages, 14411/18|Council of the European Union
168|La diffusion des données décisionnelles et la jurisprudence : Quelle jurisprudence à l'ère des données ouvertes ?|Cour de cassation (France)
169|Critical Engineering Working Manifesto|Critical Engineering Working Group
170|ACT Project - Projet AJC (Autonomisation des acteurs judiciaires par la Cyberjustice)|Cyberjustice Laboratory
171|Data for the Benefit of the People|Danish Expert Group on Data Ethics - Ekspertgruppen om DATAETIK
172|Governing Artificial Intelligence. Upholding Human Rights & Dignity|Data & Society
173|Data Ethics Principles|Data Ethics
174|Opinion of the Data Ethics Commission on the National AI strategy|Data Ethics Commission (Germany)
175|Recommendations for the Federal Government’s Strategy on Artificial Intelligence|Data Ethics Commission (Germany)
176|Serment d’Hippocrate pour Data Scientist|DataforGood
177|Responsible AI for Empowered Teams|Dataiku
179|AI Principles: Recommendations on the Ethical Use of Artificial Intelligence by the Department of Defense|Defense Innovation Board
180|Algorithms: preventing automated discrimination|Défenseur des droits (in partnership with CNIL)
181|Draft Information Sharing Code of Practice|Department for Digital, Culture, Media & Sport (United Kingdom)
182|Establishing a pro-innovation approach to regulating AI
 : An overview of the UK’s emerging approach|Department for Digital, Culture, Media & Sport (United Kingdom)
183|New national innovation centre to put UK at forefront of big data|Department for Digital, Culture, Media & Sport (United Kingdom)
184|Guidelines for AI procurement|Department for Digital, Culture, Media & Sport and Department for Business, Energy & Industrial Strategy - Office for AI (United Kingdom)
185|National AI Strategy|Department for Digital, Culture, Media & Sport and Department for Business, Energy & Industrial Strategy - Office for AI (United Kingdom)
186|AI Sector Deal|Department for Digital, Culture, Media & Sport and Department for Business, Energy & Industrial Strategy (United Kingdom)
187|Growing the artificial intelligence industry in the UK|Department for Digital, Culture, Media & Sport and Department for Business, Energy & Industrial Strategy (United Kingdom)
188|Policy paper on A Sector Deal between government and the Artificial Intelligence sector|Department for Digital, Culture, Media & Sport and Department for Business, Energy & Industrial Strategy (United Kingdom)
190|A Method for Ethical AI in Defence|Department of Defence (Australia)
191|Action Plan for AI and Cybersecurity|Department of Economy, Science and Innovation (Flanders, Belgium)
192|Initial Code of Conduct for Data-Driven Health and Care Technology|Department of Health & Social Care
193|AI Ethics Principles|Department of Industry, Science, Energy and Resources (Australia)
196|Guidelines for Artificial Intelligence|Deutsche Telekom
199|Principles for Digital Development|Digital Impact Alliance (DIAL)
200|Deon - An Ethics Checklist for data scientists|DrivenData
201|Law, Technology and Innovation|DTIBR (Centro de pesquisa em direito, tecnologia e inovaçao), Expert Editora Digital
202|Data preprocessing techniques for classification without discrimination|Eindhoven University of Technology
204|A Moral Framework for Understanding of Fair ML through Economic Models of Equality of Opportunity|ETH Zurich
205|AI, the global landscape of ethics guidelines|ETH Zurich
206|The global landscape of AI ethics guidelines|ETH Zurich
207|Guidelines for the responsible use of artificial intelligence and other digital technologies in human resources - Richtlinien für den verantwortungsvollen Einsatz von Künstlicher Intelligenz und weiteren digitalen Technologien in der Personalarbeit|Ethics council HR Tech - Ethikbeirat HR Tech
208|Automated and connected automated driving - Automatisiertes und Vernetztes Fahren|Ethics Committee of the Federal Ministry of Transport and Digital Infrastructure (BMVI) - Ethkikkommission des Bundesministeriums für Verkehr und digitale Infrastruktur (Germany)
209|The FLY AI Report: Demystifying and Accelerating AI in Aviation/ATM|EUROCONTROL
210|2030 Digital Compass: the European way for the Digital Decade|European Commission
211|A multi-dimensional approach to disinformation|European Commission
213|Artificial Intelligence for Europe|European Commission
214|Study on eHealth, Interoperability of Health Data and Artificial Intelligence for Health and Care in the European Union|European Commission
215|Study on the relevance and
 impact of artificial intelligence
 for company law and
 corporate governance|European Commission
216|EDPS calls for closer alignment between consumer and data protection rules in the EU|European Data Protection Supervisor (EDPS)
217|Final Report on Big Data|ESMA (European Securities and Markets Authority), EBA (European Banking Authority), EIOPA (European Insurance and Occupational Pensions Authority) and the Joint Committtee of the European Supervisory Authorities, Joint Committee
218|Code of Practice on Disinformation|European Commission
219|Communication on Building Trust in Human-Centric AI|European Commission
220|Communication on the Digital Education Action Plan|European Commission
221|Coordinated plan on AI|European Commission
222|Coordinated Plan on Artificial Intelligence 2021 Review|European Commission
224|Democracy and digitalisation|European Commission
225|Digital Finance Strategy for the EU|European Commission
226|Making the most of the EU’s innovative potential: An intellectual property action plan to support the EU’s recovery and resilience|European Commission
227|Proposal for a Regulation on a European approach for Artificial Intelligence (AI Act)|European Commission
228|Study on the use of innovative technologies in the justice field|European Commission
229|White Paper on AI - A European approach to excellence and trust|European Commission
230|Assessment List for Trustworthy Artificial Intelligence (ALTAI) for self-assessment|European Commission (AI HLEG)
231|Ethics Guidelines for Trustworthy AI|European Commission (AI HLEG)
232|Study supporting the impact assessment of the AI regulation|European Commission
233|Policy and investment recommendations for trustworthy Artificial Intelligence|European Commission (AI HLEG)
234|Humans and Societies at the Age of Artificial Intelligence|European Commission (DG for Education, Youth, Sport and Culture)
235|Algorithmic discrimination in Europe: Challenges and opportunities for gender equality and non-discrimination law|European Commission (European network of legal experts in
  gender equality and non-discrimination)
236|Liability for Artificial Intelligence and other emerging digital technologies|European Commission (Expert group on liability and new technologies)
237|AI for the public sector: Report
 of the “4 th Peer Learning Workshop
 on the use and impact of AI in public
 services”, 28 October 2021|European Commission (Joint Research Centre, AI Watch)
238|AI Watch: AI Standardisation Landscape - State of play and link to the EC proposal for an AI regulatory framework|European Commission (Joint Research Centre, AI Watch)
239|Artificial Intelligence in public services - Overview of the use and impact of AI in public services in the EU|European Commission (Joint Research Centre, AI Watch)
240|Assessing Technology Readiness Levels for Artificial Intelligence|European Commission (Joint Research Centre, AI Watch)
241|Beyond pilots: sustainable implementation
 of AI in public services|European Commission (Joint Research Centre, AI Watch)
242|Defining Artificial Intelligence : towards an operational definition and taxonomy of artificial intelligence|European Commission (Joint Research Centre, AI Watch)
243|National strategies on Artificial Intelligence: A European perspective, 2021 edition|European Commission (Joint Research Centre, AI Watch)
244|National strategies on Artificial Intelligence: A European perspective, 2022 edition|European Commission (Joint Research Centre, AI Watch)
245|Road to the Adoption of Artificial Intelligence by the Public Sector|European Commission (Joint Research Centre, AI Watch)
247|Glossary of human-centric artificial
 intelligence|European Commission (Joint Research Centre)
248|The impact of Artificial Intelligence on learning, teaching, and education|European Commission (Joint Research Centre)
249|Statement on Artificial Intelligence, Robotics and 'Autonomous' Systems|European Commission, European Group on Ethics in Science and New Technologies
250|What Future for European Robotics? JRC Conference and Workshop Report|European Commission (Joint Research Centre)
251|Artificial intelligence, blockchain and the future of Europe: How disruptive technologies create opportunities for a green and digital economy|European Commission, European Investment Bank
252|Opinion 3/2018 on online manipulation and personal data|European Data Protection Supervisor (EDPS)
253|Open letter: Civil society call for the introduction of red lines in the upcoming European Commission proposal on Artificial Intelligence|European Digital Rights (EDRi)
254|Adopted Opinion Investing in a smart, innovative and sustainable industry|European Economic and Social Committee (EESC)
256|Opinion on AI - The consequences of artificial intelligence on the (digital) single market, production, consumption, employment and society’|European Economic and Social Committee (EESC)
257|Guiding Principles for Automated Decision-Making in the EU|European Law Institute (ELI)
258|Model Rules on Impact Assessment of Algorithmic Decision-Making Systems Used by Public Administration|European Law Institute (ELI)
259|Meeting the new challenges to equality and non-discrimination from increased digitisation and the use of Artificial Intelligence|European Network of Equality Bodies (EQUINET)
260|Regulating for European AI that Protects and Advances Equality|European Network of Equality Bodies (EQUINET)
261|A governance framework for algorithmic accountability and transparency|European Parliament
262|AI and digital tools in workplace management and evaluation: An assessment of EU's legal framework|European Parliament
263|Artificial Intelligence and public services|European Parliament
264|Artificial Intelligence and the fisheries sector|European Parliament
265|Artificial Intelligence diplomacy|European Parliament
266|Artificial intelligence in road transport - Cost of non-Europe report|European Parliament
267|Artificial Intelligence in smart cities and urban mobility|European Parliament
268|Artificial Intelligence market and capital flows|European Parliament
269|Artificial intelligence: questions of interpretation and application of international law in so far as the EU is affected in the areas of civil and military uses and of state authority outside the scope of criminal justice|European Parliament
270|Auditing the quality of datasets used in algorithmic decision-making systems|European Parliament
271|Biometric Recognition and Behavioural Detection|European Parliament
272|Challenges and limits of an open source approach to Artificial Intelligence|European Parliament
273|Civil liability regime for artificial intelligence - European added value assessment|European Parliament
274|Comprehensive European industrial policy on artificial intelligence and robotics|European Parliament
275|Digital automation and the future of work|European Parliament
276|Draft report on artificial intelligence in a digital age|European Parliament
277|EU guidelines on ethics in artificial intelligence: Context and implementation|European Parliament
278|EU Legislation in Progress - AI Act|European Parliament
279|European Artificial Intelligence (AI) leadership, the path for an integrated vision|European Parliament
280|European industrial policy on artificial intelligence and robotics|European Parliament
281|Governing data and artificial intelligence for all: model for sustainable and just data governance|European Parliament
282|Identification and assessment of existing and draft EU legislation in the digital field|European Parliament
283|Improving working conditions using Artificial Intelligence|European Parliament
284|Initial Appraisal of a European Commission Impact Assessment|European Parliament
285|Multilateral initiatives for upholding human rights in digital technologies: A task for the UN or for liberal democracies?|European Parliament
286|Person identification, human rights and ethical principles - Rethinking biometrics in the era of artificial intelligence|European Parliament
288|Report on intellectual property rights for the development of artificial intelligence technologies|European Parliament
289|Report with recommendations to the Commission on a framework of ethical aspects of artificial intelligence, robotics and related technologies|European Parliament
290|Report with recommendations to the Commission on Civil Law Rules on Robotics|European Parliament
291|Report with recommendations to the Commission on Civil liability regime for artificial intelligence|European Parliament
292|Resolution on artificial intelligence in criminal matters
 law and its use by the police and judicial authorities in criminal matters|European Parliament
293|Resolution on Fundamental rights implications of big data: privacy, data protection, non-discrimination, security and law-enforcement|European Parliament
294|Resolution with recommendations to the Commission on Civil Law Rules on Robotics|European Parliament
295|Study on Understanding algorithmic decision-making|European Parliament
296|Study Requested by the Committee on Industry, Research Energy, European AI leadership|European Parliament
298|The role of Artificial Intelligence in the European Green Deal|European Parliament
299|European Declaration on Digital Rights and Principles for the Digital Decade|European Union
300|AI Cybersecurity Challenges|European Union Agency for Cybersecurity (ENISA)
301|Study on the impact of Artificial Intellgience on the infrigement and enforcement of copyrights and designs|European Union Intellectual Property Office (EUIPO)
303|Testing and Auditing of AI Systems|ExamAI
304|Preparing for the future of Artificial Intelligence|Executive Office of the President; National Science and Technology Council; Committee on Technology
305|AI Taiwan Action Plan|Executive Yuan (Taiwan)
306|Automating Injustice: The Use of Artificial Intelligence & Automated Decision-Making Systems in Criminal Justice in Europe|Fair Trials
307|Principles for Accountable Algorithms and a Social Impact Statement for Algorithms|Fairness, Accountability, and Transparency in Machine Learning (FATML)
308|AI Ethics Resources|Fast.ai
309|Big Data and Competition - Big Data und Wettbewerb|Federal Cartel Office - Bundeskartellamt (Germany)
311|Key points of the Federal Government for a strategy artificial intelligence|Federal Government (Germany)
312|National Strategy for Artificial Intelligence - Nationale Strategie für Künstliche Intelligenz|Federal Government (Germany)
313|Artificial Intelligence Mission Austria 2030|Federal Ministry for Transport, Innovation and Technology, Federal Ministry for Digital and Economic Affairs (Austria)
314|Assessing Big Data|Federal Ministry of Education and Research (Germany) - ABIDA
315|Artificial Intelligence Strategy|Federal Ministry of Education and Research; Federal Ministry for Economic Affairs and Labour and Social Affairs Energy; Federal Ministry of
316|Algorithmic decision making for the benefit of consumers. Position paper executive summary|Federation of German Consumer Organisations
317|Organisation Best Practices from The Foundation for Best Practices in Machine Learning|Foundation for Best Practices in Machine Learning (FBPML)
318|AI for Humanity|France
319|Trustworthy Use of Artifical Intelligence|Fraunhofer Institute for Intelligent Analysis and Information Systems IAIS 
320|Joint Statement on Artificial Intelligence and Human Rights|Freedom Online Coalition
321|How can humans keep the upper hand? Report on the ethical matters raised by AI algorithms|French Data Protection Authority (CNIL)
322|Digital Technology and Healthcare. Which Ethical Issues for which Regulations?|French National Ethical Consultative Committee for Life Sciences and Health (CCNE)
323|French Presidency Statement on “Digital Challenges for Justice in Europe”|French Presidency of the Committee of Ministers
324|#BigData: Discrimination in data-supported decision making|Fundamental Rights Agency (FRA)
325|Bias in algorithms: Artificial intelligence and discrimination|Fundamental Rights Agency (FRA)
326|Data quality and artificial intelligence – mitigating bias and error to protect fundamental rights|Fundamental Rights Agency (FRA)
327|Facial recognition technology: fundamental rights considerations in the context of law enforcement|Fundamental Rights Agency (FRA)
328|Getting the future right – Artificial intelligence and fundamental rights|Fundamental Rights Agency (FRA)
329|Ethical, social, and political challenges of Artificial Intelligence in Health|Future Advocacy
330|Standards for AI Governance: International Standards to Enable Global Coordination in AI Research & Development|Future of Humanity Institute, University of Oxford
331|The Malicious Use of Artificial Intelligence: Forecasting, Prevention, and Mitigation|Future of Humanity Institute; University of Oxford; Centre for the Study of Existential Risk; University of Cambridge; Center for a New American Security; Electronic Frontier Foundation; OpenAI
332|AI Principles|Future of Life Institute
333|Automated Decision-Making Under the GDPR: Practical Cases from Courts and Data Protection Authorities|Future of Privacy Forum
334|Unfairness by algorithm: Distilling the Harms of automated decision making|Future of Privacy Forum
335|G20 Ministerial Statement on Trade and Digital Economy|G20
337|Ethical Guidelines of the German Informatics Society|German Informatics Society - Gesellschaft für Informatik
338|Conclusions from the Conference "Human Rights in the Era of AI - Europe as international Standard Setter for Artificial Intelligence"|German Presidency of the Committee of Ministers
339|The GNI Principles on Freedom of Expression and Privacy|Global Network Initiative
340|Climate Change and AI: Recommendations for Government Action|Global Partnership on Artificial Intelligence (GPAI), Climate Change AI, Centre for AI&Climate
341|Globalpolicy.ai: Achieving impact through intergovernmental co-operation on artificial intelligence|Globalpolicy.ai
342|An external advisory council to help advance the responsible development of AI|Google
343|Perspectives on Issues in AI Governance|Google
344|Responsible Development of AI|Google
345|2022 AI Principles Progress Update|Google
346|Our principles|Google
347|Responsible AI practices|Google
348|People + AI Guidebook|Google - People + AI Research (PAIR)
349|AI National Strategy|Government CIO Office, Ministry of Economic Affairs and Communications (Estonia)
350|A Guide to using AI in the Public Sector and a Selection of Use-cases|Government Digital Service and Office for Artificial Intelligence (United Kingdom)
352|AI Strategy of Catalonia|Government of Catalonia (Spain)
353|AI: Here for Good, A National Artificial Intelligence Strategy for Ireland|Government of Ireland
354|Mid- to Long-Term Master Plan in Preparation for the Intelligent Information Society|Government of the Republic of Korea
356|The National Reform Programme for 2018|Government of the Republic of Lithuania
357|National orientation for artificial intelligence - Nationell inriktning för artificiell intelligens|Government offices - Regeringskansliet (Sweden)
358|National Approach to Artificial Intelligence|Government Offices (Sweden)
359|Draft Research Code of Practice and Draft Accreditation Criteria|Government Statistics Authority (United Kingdom)
360|Draft Statistics Statement of Principles and Draft Code of Practice on changes to data systems|Government Statistics Authority (United Kingdom)
361|‘Principled’ artificial intelligence could improve justice|H5 (Nicolas Economou)
362|Building a National AI Research Resource: A Blue#print for the National Research Cloud
  National
  AI Research
  Resource:
 A Blue#print for
  the National
  Research Cloud|HAI, University of Stanford, Stanford Law School
363|Data protection and Big Data - Datenschutz und Big Data|Handelsblatt Research Institute
364|Industrial Strategy: Building a Britain fit for the future|HM Government (United Kingdom)
367|Responsible AI – Key Themes, Concerns & Recommendations for European Research and Innovation Summary of Consultation with Multidisciplinary Experts|HUB4NGI
369|Principios de IA de la OCDE|IA2030Mx
370|Building Ethics into Privacy Frameworks for Big Data and AI|IAPP
371|Advancing AI ethics beyond compliance From principles to practice|IBM
372|AI Ethics|IBM
373|Everyday Ethics for Artificial Intelligence. A practical guide for designers & developers|IBM
374|IBM’s Principles for Trust and Transparency|IBM
375|Transparency and Trust in the Cognitive Era|IBM
376|Trusted AI (AI Explainability 360 Open Source Toolkit)|IBM
377|Ethics policy|Icelandic Institute for Intelligent Machines (IIIM)
378|AI needs an ethical compass. This tool can help|IDEO
379|Ethical Design Manifesto|ind.ie
381|Ethics and Human Rights|India Government
382|2020 Handbook on AI and International Law|Indian Society of Artificial Intelligence and Law (ISAIL)
383|Guidance on AI and data protection|Information Commissioner Office
384|Guidance on the AI auditing framework|Information Commissioner Office
385|Big data, artificial intelligence, machine learning and data protection|Information Commissioner's Office
387|Guidance on political campaigning|Information Commissioner’s Office (United Kingdom)
388|Explaining decisions made with AI|Information Commissioner’s Office, The Alan Turing Institute (United Kingdom)
390|Information on processing and access to geolocation data|Inspector General for the Protection of Personal Data (Poland)
391|Draft AI R&D Guidelines for International Discussions|Institute for Information and Communications Policy (IICP), The Conference toward AI Network Society
392|Draft AI Utilization Principles|Institute for Information and Communications Policy (IICP), The Conference toward AI Network Society
393|Policy Briefing: Algorithmic Impact Assessments|Institute for the Future of Work
394|The New Frontier: Artificial intelligence at work|Institute for the Future of Work
396|Business Ethics and Artificial Intelligence|Institute of Business Ethics
397|Big Data: New Challenges for Law and Ethics, International scientific conference|Institute of Criminology at the Faculty of Law of Ljubljana
398|Ethical Aspects of Autonomous and Intelligent Systems|Institute of Electrical and Electronics Engineers (IEEE)
399|IEEE P7000 Standards Projects|Institute of Electrical and Electronics Engineers (IEEE)
400|Ethically Aligned Design. A Vision for Prioritizing Human Well-being with Autonomous and Intelligent Systems, version 2|Institute of Electrical and Electronics Engineers (IEEE), The IEEE Global Initiative on Ethics of Autonomous and Intelligent Systems
401|Responsible AI in Consumer Enterprise|Integrate.ai
402|Artificial Intelligence. The Public Policy Opportunity|Intel Corporation
403|Intel’s AI Privacy Policy White Paper. Protecting individuals’ privacy and data in the artificial intelligence world|Intel Corporation
404|IA Ethics Self-Assessment for Actors of the Entrepreneurial Ecosystem|Inter-American Development Bank
405|Responsible use of AI for public policy: Data science toolkit|Inter-American Development Bank
406|Responsible use of AI for public policy: Project formulation manual|Inter-American Development Bank
407|Declaration on Ethics and Data Protection in Artificial Intelligence|International Conference of Data Protection and Privacy Commissioners (ICDPPC)
408|Beijing Artificial Intelligence Principles|International Research Center for AI Ethics and Governance
410|Global opinion and expectations about AI|Ipsos
411|Standardization in the area of Artificial Intelligence (ISO/IEC JTC 1/SC 42)|ISO
412|Strategic Program on Artificiel Intelligence 2022-2024|Italian Government
416|AI Ethics Kakao|Kakako Corp
417|Blockchain & Artificial Intelligence task force|Kenyan Government
420|Analysis of current global AI developments with a focus on Europe|Konrad-Adenauer-Stiftung
423|Trust in Artificial Intelligence: A Five Countries Study|KPMG, University of Queensland
424|How the EU Can Achieve Legally Trustworthy AI: A Response to the European Commission’s Proposal for an Artificial Intelligence Act|KU Leuven, University of Birmingham, University of Edimburgh
425|Pacte pour une intelligence artificielle égalitaire entre les femmes et les hommes|Laboratoire de l'égalité
426|Certification of processes for AI|Laboratoire National de métrologie et d'Essai (LNE - France)
427|Civil Rights Principles for the Era of Big Data|Leadership Conference on Civil and Human Rights
428|Ethics Framework|Machine Intelligence Garage Ethics Committee
429|The Ethics of Artifical Intelligence|Machine Intelligence Research Institute
430|AI Certification Programme|Malta Digital Innovation Authority
431|Ethical Toolkit for Engineering/Design Practice|Markkula Center
432|MIT Schwarzman College of Computing Task Force Working Group on Social Implications and Responsibilities of Computing Final Report|Massachusetts Institute of Technology
433|The State of AI 2022|Mc Kinsey
434|Facial Recognition Principles|Microsoft
435|Guidelines for Human-AI Interaction|Microsoft
436|Joint insurance industry point of view paper: We need rules of the road for responsible AI and data science|Microsoft
437|Research Collection: Research Supporting Responsible AI|Microsoft
438|Principles & approaches|Microsoft
439|Responsible bots: 10 guidelines for developers of conversational AI|Microsoft
440|The Future Computed – Artificial intelligence and its role in society|Microsoft
441|Inclusive Design|Microsoft Design
442|Indonesia National Strategy on AI (Stranas KA)|Minister of Research and Technology of Indonesia
443|Livre blanc de la sécurité intérieure|Ministère de l'intérieur (France)
444|Charter of Digital Rights|Ministerio de asuntos economicos y transformacion digital (Spain)
446|AI Strategy of Ukraine|Ministry of Digital Transformation (Ukraine)
447|AI Development Policy in Poland|Ministry of Digitisation (Poland)
448|Assumptions for the AI strategy in Poland Action plan of the Ministry of Digitization - Założenia do strategii AI w Polsce Plan działań Ministerstwa Cyfryzacji|Ministry of Digitisation (Poland)
449|Dutch digitalisation strategy|Ministry of Economic Affairs and Climate Policy (Netherlands)
450|Strategic Action Plan for Artificial Intelligence|Ministry of Economic Affairs and Climate Policy (Netherlands)
456|AI National Strategy|Ministry of economic development (Italy)
457|Governance Guidelines for Implementation of AI Principles|Ministry of Economy, Trade and Industry (Japan)
458|Strategy for the Development of AI in the Republic of Serbia for the period of 2020-2025|Ministry of Education, Science and Technological Development (Serbia)
461|National Strategy for Artificial Intelligence|Ministry of Finance and Ministry of Industry, Business and Financial Affairs (Danemark)
462|Three-Year Action Plan for Promoting Development of a New Generation Artificial Intelligence Industry|Ministry of Industry and Information Technology (MIIT) (China)
463|National Artificial Intelligence Strategy of the Czech Republic|Ministry of Industry and Trade of Czech Republic
466|AI National Strategy|Ministry of Local Government and Modernisation (Norway)
467|Artificial Intelligence National Policy of Chile|Ministry of Science, Technology, Knowledge and Innovation of Chile
468|For a meaningful Artificial Intelligence. Towards a French and European strategy|Mission Villani
469|Principles to Promote Fairness, Ethics, Accountability and Transparency (FEAT) in the Use of Artificial Intelligence and Data Analytics in Singapore’s Financial Sector|Monetary Authority of Singapore
470|The State of AI Ethics (Volume 5, July 2021)|Montreal AI Ethics Institute
471|The State of AI Ethics (Volume 6, February 2022)|Montreal AI Ethics Institute
472|Effective Ad Archives|Mozilla Foundation
473|Data Science Oath|National Academies of Science, Engineering & Medecine
474|A Proposal for Identifying and Managing Bias in Artificial Intelligence|National Institute of Standards and Technology (NIST) (US)
475|Artificial Intelligence Risk Management
 Framework (AI RMF 1.0)|National Institute of Standards and Technology (NIST) (US)
476|Four Principles of Explainable Artificial
 Intelligence|National Institute of Standards and Technology (NIST) (US)
477|Towards a Standard for Identifying and Managing Bias in Artificial Intelligence
 Managing Bias in Artificial Intelligence|National Institute of Standards and Technology (NIST) (US)
478|US LEADERSHIP IN AI: A Plan for Federal Engagement in Developing Technical Standards and Related Tools|National Institute of Standards and Technology (NIST) (US)
479|Discussion Paper: National Strategy for Artificial Intelligence|National Institution for Transforming India (Niti Aayog)
480|New Generation AI Governance Principles – Developing Responsible AI|National New Generation AI Promotion Office / National New Generation Artificial Intelligence Governance Committee
482|Advisory Statement on Human Ethics in Artificial Intelligence and Big Data Research|National Research Council Canada
483|AI Singapore|National Research Foundation (Singapore)
484|Preparing the future of AI|National Science and Technology Council (US)
485|The National Artificial Intelligence Research and Development Strategic Plan|National Science and Technology Council, Networking and Information Technology Research and Development Subcommittee (US)
486|Ensuring American Leadership in Automated Vehicle Technologies - Automated Vehicles 4.0|National Science and Technology Council, United States Department of Transportation (US)
488|Algorithm Charter for Aotearoa New Zealand|New Zealand Government; Stats NZ
489|Privacy, Data and Technology: Human Rights Challenges in the Digital Age|New Zealand Human Rights Commission
490|Declaration on AI in the Nordic-Baltic Region|Nordic Council of Ministers for Digitalisation 2017-2020 (MR-DIGITAL)
491|The Manifesto for Ethical AI|Numeum
492|The Practical Guide to Ethical AI|Numeum
493|Data Ethics Checklist|O'Reilly
494|Les mesures publiques dans les stratégies gouvernementales en matière d'intelligence artifcielle : une perspective internationale|OBVIA
497|For a mastered, useful and demystified artificial intelligence - Pour une intelligence artificielle maîtrisée, utile et démystifiée|Office parlementaire d’évaluation des choix scientifiques et technologiques (France)
498|OP Financial Group’s ethical guidelines for artificial intelligence|OP Group
499|Open Ethics Manifesto|Open Ethics Initiative
500|AI Impact assessment|Open Loop
502|Ethics: a vital part of responsible AI deployment|Orange
504|International Charter for Inclusive AI|Orange; Arborus
505|A blue#print for building national compute capacity for artificial intelligence|Organisation for Economic Co-operation and Development (OECD)
506|Advancing accountability in AI - Governing and managing risks throughout the lifecycle for trustworthy AI|Organisation for Economic Co-operation and Development (OECD)
507|AI: Intelligent machines, smart policies (Conference Summary)|Organisation for Economic Co-operation and Development (OECD)
508|Artificial intelligence and employment|Organisation for Economic Co-operation and Development (OECD)
509|Artificial Intelligence in Society|Organisation for Economic Co-operation and Development (OECD)
510|Harnessing the power of AI and emerging technologies - Background paper for the CDEP Ministerial meeting|Organisation for Economic Co-operation and Development (OECD)
511|Identifying and characterising AI adopters - A novel approach based on big data|Organisation for Economic Co-operation and Development (OECD)
512|Identifying artificial intelligence actors using online data|Organisation for Economic Co-operation and Development (OECD)
513|Labour-saving technologies and employment levels - Are robots really making workers redundant?|Organisation for Economic Co-operation and Development (OECD)
514|OECD AI Policy Observatory|Organisation for Economic Co-operation and Development (OECD)
515|OECD Framework for the classification of AI Systems|Organisation for Economic Co-operation and Development (OECD)
516|OECD Principles on AI|Organisation for Economic Co-operation and Development (OECD)
517|Opportunities and drawbacks of using artificial intelligence for training|Organisation for Economic Co-operation and Development (OECD)
518|Recommendation of the Council on Artificial Intelligence|Organisation for Economic Co-operation and Development (OECD)
519|State of implementation of the OECD AI Principles|Organisation for Economic Co-operation and Development (OECD)
520|State of the art in the use of emerging technologies in the public sector|Organisation for Economic Co-operation and Development (OECD)
521|The supply, demand and characteristics of the AI workforce across OECD countries|Organisation for Economic Co-operation and Development (OECD)
523|Trustworthy AI in education: promises and challenges. Background paper for the G20 AI Dialogue, Digital Economy Task Force|Organisation for Economic Co-operation and Development (OECD)
524|Trustworthy AI in health. Background paper for the G20 AI Dialogue, Digital Economy Task Force|Organisation for Economic Co-operation and Development (OECD)
525|Using artificial intelligence in the workplace: What are the main ethical risks?|Organisation for Economic Co-operation and Development (OECD)
526|Using artificial intelligence to help combat COVID-19|Organisation for Economic Co-operation and Development (OECD)
527|Measuring the environmental impacts of artificial intelligence compute and applications - The AI Foot#print|Organisation for Economic Co-operation and Development (OECD), GPAI
528|Non-paper on the impact of artificial intelligence and freedom of expression|Organization for Security and Co-operation in Europe (OSCE)
529|From What to How: An Initial Review of Publicly Available AI Ethics Tools, Methods and Research to Translate Principles into Practices|Oxford Internet Institute
530|Prolegomena to a White Paper on an Ethical Framework for a Good AI Society|Oxford Internet Institute
531|Finnish One Hundred - A New Opportunity 2018-2037 - Suomen sata uutta mahdollisuutta 2018–2037|Parliament (Finland)
532|Action Plan of the Federal Government on the Report of the Ethics Committee Automated and Networked Driving (Ethics Rules for Driving Computers) - Maßnahmenplan der Bundesregierung zum Bericht der Ethik-Kommission Automatisiertes und Vernetztes Fahren (Ethik-Regeln für Fahrcomputer)|Parliament (Germany)
533|Future Technology Artificial Intelligence as a Success Factor for a Strong and Innovative Europe - A Statement on the EU Commission's White Paper on AI (German)|Parliament (Germany)
538|Tenets|Partnership on AI
539|A Proposed Model Artificial Intelligence Governance Framework|Personal Data Commission Singapore
540|Discussion Paper on Artificial Intelligence (AI) and Personal Data - Fostering Responsible Development and Adoption of AI|Personal Data Protection Commission Singapore
541|Singapore’s Approach to AI Governance|Personal Data Protection Commission Singapore
542|Pervasive Data Ethics|Pervade at University of Maryland
543|Five guiding principles for responsible use of AI in healthcare and healthy living|Philips
544|Ten simple rules for responsible Big Data research|PLOS Computational Biology
545|Traffic law amended with definition of an autonomous vehicle.|Poland
549|Ethical Framework for Artificial Intelligence in Colombia|Presidential advisory for economic affairs and digital transformation (Colombia)
551|A practical guide to Responsible Artificial Intelligence (AI)|PriceWaterhouseCoopers (PWC)
552|PWC's Responsible AI|PriceWaterhouseCoopers (PWC)
553|Responsible AI – Maturing from theory to practice|PriceWaterhouseCoopers (PWC)
554|The responsible AI framework|PriceWaterhouseCoopers (PwC) UK
555|Plans to develop a National Artificial Intelligence Framework|Prime Minister of Malaysia
556|Annual Reports - Data Ethics|Privacy Commissioner for Personal Data (Hong Kong)
557|Privacy and Freedom of Expression In the Age of Artificial Intelligence|Privacy International & Article 19
558|QCRI Center for Artificial Intelligence|Qatar Computing Research Institute (QCRI)
559|Auditing and Achieving Intersectional Fairness in Classification Problems|QuantumBlack (McKinsey)
560|Summary of events - AI Policy Conference|RegHorizon, ETH Zurich
561|Rome Call for AI Ethics|RenAIssance Foundation
562|Užupis Principles for Trustworthy AI Design|Republic of Užupis
563|Principles|reputable.AI
564|Harmonious Artificial Intelligence Principles|Research Center for Brain-inspired Intelligence, Institute of Automation, Chinese Academy of Sciences
565|Linking artifical intelligence principles|Research Center for Brain-inspired Intelligence, Institute of Automation, Chinese Academy of Sciences
567|Responsible Design Assistant|Responsible AI institute
568|RANZCR Ethical Principles for AI in Medicine - Consultation|Royal Australian and New Zealand College of Radiologists
569|Artificial Intelligence (AI) in Health|Royal College of Physicians
571|Trusted AI  |Salesforce research
572|Artificial Intelligence|Samsung Research
574|Shanghai Declaration|Shanghai YoungAI
575|Smart Dubai AI Ethics Principles & Guidelines|Smart Dubai
576|Ethical Principles for Artificial Intelligence and Data Analytics|Software & Information Industry Association (SIIA), Public Policy Division
577|Shanghai Initiative on Artificial Intelligence Security Development|Sohu
579|National Strategy on AI|Spain
580|Statute book of good practices in data protection for Big Data - Código de buenas prácticas en protección de datos para proyectos de Big Data|Spanish Agency for Data Protection (AEPD - Spain)
581|Dutch Artificial Intelligence Manifesto|Special Interest Group on Artificial Intelligence (SIGAI), ICT Platform Netherlands (IPN)
582|White Paper on AI standardization|Standards Admin of China
583|An Artificial Intelligence Standards Roadmap: Making Australia’s Voice Heard|Standards Australia
584|Government by Algorithm: Artificial Intelligence in Federal Administrative Agencies|Stanford Law School
585|Introducing Stanford's Human-Centered AI Initiative|Stanford University Human-Centered Artificial Intelligence
586|Next Generation Artifical Intelligence Plan|State Council (China)
587|Principles for the safe and effective use of data and analytics|Stats New Zealand and Office of the Privacy Commissioner
589|Artificial intelligence in Swedish business and society|Sweden’s innovation agency (Vinnova)
590|Recommendations for an AI Strategy in Switzerland|Swiss Academy of Technical Sciences (SATW)
591|Ethical Codex for Data-Based Value Creation: For Public Consultation|Swiss Alliance for Data-Intensive Services
592|The future of work and education in the digital age|T20
593|RFI for AI Services|TBS Canada
594|Critiquing the Reasons for Making Artificial Moral Agents|Technical University of Delft
595|Business Principles and Policies|Telefonica
596|AI Principles of Telefónica|Telefonica Executive Committee
597|Guiding Principles on Trusted AI Ethics|Telia Company
598|6 Principles of AI|Tencent
599|“ARCC”: An Ethical Framework for Artificial Intelligence|Tencent Research Institute
600|The Ethics of Technology in the Intelligent Age - Reshaping Trust in a Digital Society|Tencent Technology News, Tencent Research Institute, Tencent AI Lab
601|Artificial Intelligence and National Security|Thales
602|Designing an ethical, socially accountable facial recognition system A vision from Thales|Thales
603|TrUE AI|Thales
604|Human Rights, Democracy, and the Rule of Law Assurance Framework for AI Systems: A proposal prepared for the Council of Europe’s Ad hoc Committee on Artificial Intelligence|The Alan Turing Institute
605|Understanding Artificial Intelligence and Safety - A guide for the responsible design and implementation of AI systems in the public sector|The Alan Turing Institute
606|AI, human rights, democracy and the rule of law: A primer prepared for the Council of Europe|The Alan Turing Institute, Council of Europe
607|The Critical Engineering Manifesto|The Critical Engineering Working Group
608|Human rights impact assessment of digital activities|The Danish Institute for Human Rights
609|Ethical by Design: Principles for Good Technology|The Ethics Center
610|The EURON Roboethics Roadmap|The European Robotics Research Network (EURON)
611|Principles for the Governance of AI|The Future Society Science Law and Society (SLS) Initiative
612|Big Data and Health - Data sovereignty as informational freedom design - Big Data und Gesundheit – Datensouveränität als informationelle Freiheitsgestaltung|The German Ethics Council
613|The Good Technology Standard (Draft)|The Good Technology Collective
614|Artificial Intelligence: a strategic vision for Luxembourg|The Government of the Grand Duchy of Luxembourg
615|Position on Robotics and Artificial Intelligence|The Greens (Green Working Group Robots)
617|A Framework for the Ethical use of advanced Data Science Methodes in the Humanitarian Sector|The Humanitarian Data Science and Ethics Group
618|Unified Ethical Frame for Big Data Analysis. IAF Big Data Ethics Initiative, Part A|The Information Accountability Foundation
619|The Ethical Framework
 for AI in Education|The Insitute for Ethical AI in Education
620|The responsible Machine Learning Principles|The Institute for Ethical AI & Machine Learning
621|AI RFX Procurement Framework|The Institute for Ethical AI & ML
622|Artificial Intelligence and Machine Learning: Policy Paper|The Internet Society
623|Regulation of Artificial Intelligence in Selected Jurisdictions|The Law Library of the Congress
624|Civil Rights Principles for the Era of Big Data|The Leadership Conference on Civil and Human Rights
625|Manifesto for Data Practices|The Linux Foundation
626|AI in Egypt|The National Council for Artificial Intelligence (Egypt)
627|Big Data and Security Policies: Serving Security, Protecting Freedom|The Netherlands Scientific Council for Government Policy
629|Artificial intelligence and privacy|The Norwegian Data Protection Authority
630|Data Ethics Canvas|The Open Data Institute
632|Universal Guidelines for Artificial Intelligence|The Public Voice
633|Human Rights in the Robot Age Report|The Rathenau Institute
634|Human rights in the robot age Challenges arising from the use of robotics, artificial intelligence, and virtual and augmented reality|The Rathenau Instituut
635|Machine learning: the power and promise of computers that learn by example|The Royal Society
636|Saudi Arabia National AI Strategy|The Saudi Data and Artificial Intelligence Authority
637|Bridges to the future of education: Policy recommendations for the digital age|Think 20 (T20)
638|The 3rd Insdustrial Revolution Strategy Study|Third Industrial Revolution Consulting Group (Luxembourg)
639|Ethical by Design: Ethics Best Practices for Natural Language Processing|Thomson Reuters
640|Tieto’s AI ethics guidelines|Tieto
641|Policy brief on Discrimination at Recruitment and Selection|TNO (Netherlands)
642|Algorithmic Impact Assessment (AIA)|Treasury Board (Canada)
643|Directive on Automated Decision-Making|Treasury Board (Canada)
644|Government of Canada Strategic Plan for Information Management and Information Technology 2017-2021|Treasury Board (Canada)
645|Responsible use of Artificial Intelligence (AI) - Guiding Principles|Treasury Board (Canada)
646|Vienna Manifesto on Digital Humanism|TU Wien
647|National AI Strategy: Unlocking Tunisia’s capabilities potential.|Tunisia’s Secretary of State for Research
649|A guide to good practice for digital and data-driven health technologies|UK Department of Health & Social Care
651|Ambitious, safe, responsible: our approach to the delivery of AI-enabled capability in Defence|UK Ministry of Defence
653|UAE Strategy for AI|United Arab Emirates Government
654|The practical application of the Guiding Principles on Business and Human Rights to the activities of technology companies - Report of the Office of the United Nations High Commissioner for Human Rights|United Nations (Human Rights Council)
655|United Nations Activities on Artificial Intelligence (AI) 2021|United Nations (ITU)
657|The right to privacy in the digital age|United Nations (OHCHR)
658|United Nations Development Program - Digital Strategy 2022-2025|United Nations (UNDP)
660|Towards Responsible Artificial Intelligence Innovation - Second Interpol-UNICRI Report on AI for law enforcement|United Nations (UNICRI), Interpol
661|Artificial Intelligence and Children's Rights|United Nations Children's Fund (UNICEF)
662|Policy Guidance on AI for Children|United Nations Children's Fund (UNICEF)
663|Artificial Intelligence Needs Assessment - Survey In Africa|United Nations Educational Scientific and Cultural Organization (UNESCO)
664|Artificial intelligence: the promises and the threats|United Nations Educational Scientific and Cultural Organization (UNESCO)
665|Beijing Consensus on Artificial Intelligence and Education|United Nations Educational Scientific and Cultural Organization (UNESCO)
666|COMEST Report on Robotics|United Nations Educational Scientific and Cultural Organization (UNESCO)
668|Draft text of the Recommendation on the ethics of artificial intelligence|United Nations Educational Scientific and Cultural Organization (UNESCO)
669|I'd blush if I could|United Nations Educational Scientific and Cultural Organization (UNESCO)
671|Preliminary study on the Ethics of Artificial Intelligence|United Nations Educational Scientific and Cultural Organization (UNESCO)
672|Preliminary study on the technical and legal aspects relating to the desirability of a standard-setting instrument on the ethics of artificial intelligence|United Nations Educational Scientific and Cultural Organization (UNESCO)
673|Recommendation on the Ethics of Artificial Intelligence|United Nations Educational Scientific and Cultural Organization (UNESCO)
674|Report on Big Data and Health|United Nations Educational Scientific and Cultural Organization (UNESCO)
675|Steering AI and Advanced ICTs for Knowledge Societies: A Rights, Openness, Access, and Multi-Stakeholder Perspective|United Nations Educational Scientific and Cultural Organization (UNESCO)
676|Toward a draft text of a Recommendation on the Ethics of Artificial Intelligence (working document)|United Nations Educational Scientific and Cultural Organization (UNESCO)
677|The Effects of AI on the Working Lives of Women|United Nations Educational Scientific and Cultural Organization (UNESCO), Organisation for Economic Co-operation and Development (OECD), Inter-American Development Bank (IDB)
678|Report of the Special Rapporteur to the General Assembly on AI and its impact on freedom of opinion and expression|United Nations, Secretary General
679|Action Plan for a Sustainable Planet in the Digital Age|United Nations, Secretary General's Envoy on Technology
680|Report on The Age of Digital Interdependence|United Nations, UN Secretary-General’s High-level Panel on Digital Cooperation
681|Introducing Unity’s Guiding Principles for Ethical AI – Unity Blog|Unity Technologies
682|L'intelligence artificielle dans l'administration publique au Québec|Université de Laval
683|Montréal Declaration for a Responsible Development of Artificial Intelligence|Université de Montréal
684|A smart bureaucrat's guide to AI regulation|University of Bath
685|Study on AI Governance by Human Rights-Centred Design, Deliberation and Oversight|University of Birmingham
686|Developing a Shared Vision of Ethical AI in Education: An Invitation to Participate|University of Buckingham
687|Artificial Intelligence as a Service: Legal Responsibilities, Liabilities, and Policy Challenges|University of Cambridge
688|Design Ethically Toolkit|University of Cambridge
689|Ethics of Artificial Intelligence: Case Studies and Options for Addressing Ethical Challenges|University of Central Lancashire, University of Nottingham, University De Monfort
690|Stop explaining black box machine learning models for high stakes decisions and use interpretable models instead|University of Duke
691|The ethical issues of the application of artificial intelligence
 in healthcare: a systematic scoping review|University of Maastricht
692|Pervade project: Pervasive Data Ethics for computanional research|University of Maryland
693|A Code of Ethics for the Human Robot Interaction|University of Notre Dame
697|Input on the European Commission White Paper “On Artificial Intelligence – A European approach to excellence and trust”|University of Stanford
698|AI Index 2018|University of Stanford, SRI International, MIT, OpenAI, McKinsey Global Institute, Partnership on AI, Harvard University
699|AI Index 2019|University of Stanford, SRI International, MIT, OpenAI, McKinsey Global Institute, Partnership on AI, Harvard University
700|AI Index 2021|University of Stanford, SRI International, MIT, OpenAI, McKinsey Global Institute, Partnership on AI, Harvard University
701|AI Index 2022|University of Stanford, SRI International, MIT, OpenAI, McKinsey Global Institute, Partnership on AI, Harvard University
702|Recommendations on Updating the National Artificial Intelligence Research and Development Strategic Plan|University of Stanford, Stanford Institute for Human-centered AI
703|The Ethics of AI Ethics - An Evaluation of Guidelines|University of Tübingen
704|Algorithms and fundamental rights - Algoritmes en grondrechten|University of Utrecht
705|Data Ethics Decision Aid (DEDA)|University of Utrecht, University of Duisburg
706|AI UX: 7 principles of designing Good AI Products|UX Studio Team
707|Künstliche Intelligenz – Gemeinwohl als Maßstabm Gute Arbeit als Prinzip|Ver.di
708|Verivox/Pro7 Selbstverpflichtung (Commitment)|Verivox
709|Vodafone AI Framework|Vodafone Group
710|Global competition and convergence of AI Law|Vrije Universiteit Brussel
711|Artificial Intelligence: open questions about gender inclusion|W20
712|Digitalwallonia4AI|Walloon Government (Belgium)
713|White Paper: How to Prevent Discriminatory Outcomes in Machine Learning|WEF, Global Future Council on Human Rights 2016-2018
715|Guidance for Regulation of Artificial Intelligence Applications|White House (US)
716|Principles for Responsible AI|Women leading in AI
717|4 Steps to developing Responsible AI|World Economic Forum (WEF)
718|AI procurement in a box: AI government procurement guidelines.|World Economic Forum (WEF)
719|Artificial Intelligence for Children - Toolkit|World Economic Forum (WEF)
720|Guidelines for AI procurement|World Economic Forum (WEF)
721|How to prevent Discriminatory Outcomes in Machine Learning|World Economic Forum (WEF)
722|White paper: A Framework for Responsible Limits on Facial Recognition Use Case: Flow Management|World Economic Forum (WEF)
723|Ethics by Design: An organizational approach to responsible use of technology|World Economic Forum (WEF), Deloitte and the Markkula Center for Applied Ethics at Santa Clara University
724|Regulatory Technology for the 21st Century|World Economic Forum (WEF), Global Future Council on Agile Governance
725|Big Data and AI Principles in Engineering|World Federation of Engineering Organizations (WEFO)
726|Generating evidence for artificial intelligence-based medical devices: A framework for training, validation and evaluation|World Health Organization (WHO)
727|WHO Guidance: Ethics and governance of artificial intelligence for health|World Health Organization (WHO)
728|Algorithms and Economic Justice: A Taxonomy of Harms and a Path Forward for the Federal Trade Commission|Yale Law School
729|Z-Inspection|Z-Inspection
